Hypothesis,Variable,Description,Coefficient,Std_Error_Clustered,t_statistic,p_value,CI_Lower,CI_Upper,Significance,Sig_Level,Decision
H1,ARL,Audit Report Lag (ARL) → Audit Quality (AQMS),0.2610913646818308,0.17284960610740388,1.510511771253884,0.13262829159359124,-0.07769386328868078,0.5998765926523424,,Not significant,Not Supported
H2,FEE,Audit Fee (FEE) → Audit Quality (AQMS),-0.031078359915660728,0.06011088712578951,-0.5170171561538494,0.6057650965737142,-0.14889569868220817,0.08673897885088672,,Not significant,Not Supported
H3,FO,Foreign Ownership (FO) → Audit Quality (AQMS),-0.0808196799226175,0.2831751359686465,-0.28540528336345866,0.7756546781807794,-0.6358429464211647,0.47420358657592965,,Not significant,Not Supported
