Hypothesis,Variable,Description,FE_Coef,FE_SE,FE_PVal,FE_Sig,FE_Decision,RE_Coef,RE_SE,RE_PVal,RE_Sig,RE_Decision,Agreement
H1,ARL,Audit Report Lag (ARL) → Audit Quality (AQMS),0.2610913646818308,0.17284960610740388,0.13262829159359124,,Not Supported,-0.1533418016059562,0.15828744470338488,0.3336149239194479,,Not Supported,✓ CONSISTENT
H2,FEE,Audit Fee (FEE) → Audit Quality (AQMS),-0.031078359915660728,0.06011088712578951,0.6057650965737142,,Not Supported,0.07635000158807724,0.04266189733589664,0.07473467310804827,*,Weakly Supported,⚠ INCONSISTENT
H3,FO,Foreign Ownership (FO) → Audit Quality (AQMS),-0.0808196799226175,0.2831751359686465,0.7756546781807794,,Not Supported,0.06837363285544883,0.31140102423351196,0.8263891274485089,,Not Supported,✓ CONSISTENT
