Variable,VIF,Status
ARL,1.1820801025658267,OK
FEE,1.9785214769770139,OK
FO,1.0762764169307564,OK
SIZE,1.8255412398244373,OK
ROA,1.0649592839675008,OK
